DROP DATABASE apply;

CREATE DATABASE apply;
USE apply;

CREATE TABLE fiche
(
	id int NOT NULL AUTO_INCREMENT,
	libelle varchar(50) NOT NULL,
	description varchar(255),

	PRIMARY KEY (id)
) ENGINE=InnoDB;

CREATE TABLE categorie
(
	id int NOT NULL AUTO_INCREMENT,
	libelle varchar(50),

	PRIMARY KEY (id)
) ENGINE=InnoDB;

CREATE TABLE fiche_categorie
(
	fiche_id int NOT NULL,
	categorie_id int NOT NULL,

	PRIMARY KEY (fiche_id, categorie_id),
	FOREIGN KEY (fiche_id) REFERENCES fiche(id) ON DELETE CASCADE,
	FOREIGN KEY (categorie_id) REFERENCES categorie(id) ON DELETE CASCADE
) ENGINE=InnoDB;

CREATE TABLE categorie_categorie
(
	mother_id int NOT NULL,
	daughter_id int NOT NULL,

	PRIMARY KEY (mother_id, daughter_id),
	FOREIGN KEY (mother_id) REFERENCES categorie(id) ON DELETE CASCADE,
	FOREIGN KEY (daughter_id) REFERENCES categorie(id) ON DELETE CASCADE
) ENGINE=InnoDB;

INSERT INTO fiche(id, libelle, description) values(1, "Lorem", "ipsum dolor sit amet");
INSERT INTO fiche(id, libelle, description) values(2, "consectetur", "adipiscing elit");
INSERT INTO fiche(id, libelle, description) values(3, "Donec eget", "tempus urna, vel gravida enim");

INSERT INTO categorie(id, libelle) values(1, "Nam");
INSERT INTO categorie(id, libelle) values(2, "faucibus");
INSERT INTO categorie(id, libelle) values(3, "massa");
INSERT INTO categorie(id, libelle) values(4, "at est");

INSERT INTO fiche_categorie(fiche_id, categorie_id) values(1, 1);
INSERT INTO fiche_categorie(fiche_id, categorie_id) values(1, 2);
INSERT INTO fiche_categorie(fiche_id, categorie_id) values(2, 1);
INSERT INTO fiche_categorie(fiche_id, categorie_id) values(2, 3);
INSERT INTO fiche_categorie(fiche_id, categorie_id) values(3, 4);

INSERT INTO categorie_categorie(mother_id, daughter_id) values(1, 2);
INSERT INTO categorie_categorie(mother_id, daughter_id) values(1, 3);
INSERT INTO categorie_categorie(mother_id, daughter_id) values(2, 4);